{
  "seen": 3,
  "roll_slang": [
    0.10526315789473684,
    0.0,
    0.0
  ],
  "roll_func": [
    0.05263157894736842,
    0.0,
    0.0
  ],
  "tk_stable": [
    0,
    0
  ],
  "sd_stable": [
    0,
    0,
    0,
    0,
    0,
    0
  ],
  "groq_last": {}
}