{
  "seen": 29,
  "roll_slang": [
    0.10526315789473684,
    0.0,
    0.0,
    0.2,
    0.09090909090909091,
    0.0,
    0.25,
    0.25,
    0.0,
    0.0,
    0.07142857142857142,
    0.0,
    0.1111111111111111,
    0.0,
    0.125,
    0.0,
    0.0,
    0.0,
    0.0,
    0.0,
    0.0,
    0.0,
    0.0,
    0.0,
    0.0,
    0.0,
    0.0,
    0.0,
    0.0
  ],
  "roll_func": [
    0.05263157894736842,
    0.0,
    0.0,
    0.1,
    0.0,
    0.0,
    0.125,
    0.0,
    0.0,
    0.0,
    0.0,
    0.0,
    0.0,
    0.0,
    0.125,
    0.0,
    0.0,
    0.0,
    0.0,
    0.0,
    0.0,
    0.0,
    0.0,
    0.0,
    0.13333333333333333,
    0.0,
    0.0,
    0.0,
    0.0
  ],
  "tk_stable": [
    0,
    0
  ],
  "sd_stable": [
    0,
    0,
    0,
    0,
    0,
    0
  ],
  "groq_last": {}
}